-- phpMyAdmin SQL Dump
-- version 5.2.1
-- https://www.phpmyadmin.net/
--
-- Host: 127.0.0.1
-- Generation Time: Nov 12, 2025 at 04:12 PM
-- Server version: 10.4.32-MariaDB
-- PHP Version: 8.2.12

SET SQL_MODE = "NO_AUTO_VALUE_ON_ZERO";
START TRANSACTION;
SET time_zone = "+00:00";


/*!40101 SET @OLD_CHARACTER_SET_CLIENT=@@CHARACTER_SET_CLIENT */;
/*!40101 SET @OLD_CHARACTER_SET_RESULTS=@@CHARACTER_SET_RESULTS */;
/*!40101 SET @OLD_COLLATION_CONNECTION=@@COLLATION_CONNECTION */;
/*!40101 SET NAMES utf8mb4 */;

--
-- Database: `camp_of_coffee`
--

-- --------------------------------------------------------

--
-- Table structure for table `activity_logs`
--

CREATE TABLE `activity_logs` (
  `id` int(11) NOT NULL,
  `user_id` int(11) NOT NULL,
  `action` varchar(100) NOT NULL,
  `details` text DEFAULT NULL,
  `created_at` timestamp NOT NULL DEFAULT current_timestamp()
) ENGINE=InnoDB DEFAULT CHARSET=utf8mb4 COLLATE=utf8mb4_general_ci;

--
-- Dumping data for table `activity_logs`
--

INSERT INTO `activity_logs` (`id`, `user_id`, `action`, `details`, `created_at`) VALUES
(1, 3, 'login', 'User logged in', '2025-09-16 18:16:43'),
(2, 3, 'login', 'User logged in', '2025-09-16 18:17:09'),
(3, 3, 'sale', 'Created sale #11 total ₱105.00', '2025-09-16 18:17:21'),
(4, 3, 'login', 'User logged in', '2025-09-16 18:31:32'),
(5, 3, 'login', 'User logged in', '2025-09-16 18:32:21'),
(6, 4, 'login', 'User logged in', '2025-09-16 18:33:52'),
(7, 3, 'login', 'User logged in', '2025-09-16 18:34:11'),
(8, 3, 'login', 'User logged in', '2025-09-16 19:13:52'),
(9, 4, 'login', 'User logged in', '2025-09-16 19:14:43'),
(10, 3, 'login', 'User logged in', '2025-09-16 19:17:18'),
(11, 3, 'login', 'User logged in', '2025-09-17 08:27:50'),
(12, 3, 'sale', 'Created sale #12 total ₱160.00', '2025-09-17 08:30:03'),
(13, 4, 'login', 'User logged in', '2025-09-17 10:20:43'),
(14, 3, 'login', 'User logged in', '2025-09-17 10:23:10'),
(15, 3, 'login', 'User logged in', '2025-09-17 10:27:03'),
(16, 3, 'login', 'User logged in', '2025-09-17 11:42:16'),
(17, 3, 'login', 'User logged in', '2025-09-17 11:43:38'),
(18, 3, 'login', 'User logged in', '2025-09-18 00:35:52'),
(19, 3, 'sale', 'Created sale #13 total ₱100.00', '2025-09-18 00:36:13'),
(20, 3, 'sale', 'Created sale #14 total ₱305.00', '2025-09-18 00:37:40'),
(21, 3, 'sale', 'Created sale #15 total ₱120.00', '2025-09-18 00:40:12'),
(22, 3, 'sale', 'Created sale #16 total ₱660.00', '2025-09-18 00:42:21'),
(23, 4, 'login', 'User logged in', '2025-09-18 00:43:57'),
(24, 3, 'login', 'User logged in', '2025-09-18 00:44:36'),
(25, 5, 'login', 'User logged in', '2025-09-18 00:45:02'),
(26, 3, 'login', 'User logged in', '2025-09-28 08:06:45'),
(27, 3, 'login', 'User logged in', '2025-09-29 12:54:27'),
(28, 3, 'login', 'User logged in', '2025-10-01 11:01:39'),
(29, 3, 'login', 'User logged in', '2025-10-01 11:53:16'),
(30, 3, 'login', 'User logged in', '2025-10-01 11:58:33'),
(31, 3, 'login', 'User logged in', '2025-10-01 13:03:31'),
(32, 3, 'login', 'User logged in', '2025-10-02 01:23:36'),
(33, 3, 'login', 'User logged in', '2025-10-02 01:35:10'),
(34, 3, 'login', 'User logged in', '2025-10-02 01:37:45'),
(35, 3, 'login', 'User logged in', '2025-10-02 01:56:52'),
(36, 3, 'login', 'User logged in', '2025-10-02 02:27:13'),
(37, 3, 'sale', 'Created sale #17 total ₱550.00', '2025-10-02 02:31:10'),
(38, 3, 'login', 'User logged in', '2025-10-02 03:18:01'),
(39, 3, 'login', 'User logged in', '2025-10-02 03:22:51'),
(40, 3, 'login', 'User logged in', '2025-10-02 03:33:06'),
(41, 3, 'login', 'User logged in', '2025-10-02 03:37:01'),
(42, 3, 'sale', 'Created sale #18 total ₱240.00', '2025-10-02 03:46:41'),
(43, 3, 'sale', 'Created sale #19 total ₱450.00', '2025-10-02 03:54:59'),
(44, 3, 'sale', 'Created sale #20 total ₱360.00', '2025-10-02 04:09:17'),
(45, 3, 'sale', 'Created sale #21 total ₱325.00', '2025-10-02 04:12:02'),
(46, 3, 'sale', 'Created sale #22 total ₱120.00', '2025-10-02 04:12:16'),
(47, 3, 'sale', 'Created sale #23 total ₱490.00', '2025-10-02 04:12:29'),
(48, 3, 'sale', 'Created sale #24 total ₱530.00', '2025-10-02 04:17:28'),
(49, 3, 'sale', 'Created sale #25 total ₱580.00', '2025-10-02 04:20:16'),
(50, 3, 'sale', 'Created sale #26 total ₱665.00', '2025-10-02 04:21:13'),
(51, 3, 'sale', 'Created sale #27 total ₱360.00', '2025-10-02 04:43:39'),
(52, 3, 'login', 'User logged in', '2025-10-02 05:03:16'),
(53, 3, 'login', 'User logged in', '2025-10-02 05:06:49'),
(54, 3, 'login', 'User logged in', '2025-10-02 05:07:13'),
(55, 3, 'sale', 'Created sale #28 total ₱240.00', '2025-10-02 05:09:29'),
(56, 3, 'sale', 'Created sale #29 total ₱70.00', '2025-10-02 05:42:35'),
(57, 3, 'sale', 'Created sale #30 total ₱240.00', '2025-10-02 06:09:29'),
(58, 3, 'sale', 'Created sale #31 total ₱360.00', '2025-10-02 06:11:52'),
(59, 3, 'sale', 'Created sale #32 total ₱570.00', '2025-10-02 06:55:39'),
(60, 3, 'sale', 'Created sale #33 total ₱360.00', '2025-10-02 06:57:35'),
(61, 3, 'sale', 'Created sale #34 total ₱70.00', '2025-10-02 06:59:40'),
(62, 3, 'login', 'User logged in', '2025-10-02 14:44:39'),
(63, 3, 'sale', 'Created sale #35 total ₱720.00', '2025-10-02 14:46:36'),
(64, 5, 'login', 'User logged in', '2025-10-09 00:36:01'),
(65, 5, 'login', 'User logged in', '2025-10-09 09:33:56'),
(66, 5, 'sale', 'Created sale #36 total ₱185.00', '2025-10-09 09:35:23'),
(67, 5, 'login', 'User logged in', '2025-10-09 09:38:50'),
(68, 5, 'login', 'User logged in', '2025-10-09 09:42:03'),
(69, 5, 'sale', 'Created sale #37 total ₱205.00', '2025-10-09 09:44:44'),
(70, 5, 'login', 'User logged in', '2025-10-10 14:15:12'),
(71, 5, 'sale', 'Created sale #38 total ₱300.00', '2025-10-10 14:15:28'),
(72, 5, 'sale', 'Created sale #39 total ₱265.00', '2025-10-10 14:18:06'),
(73, 5, 'sale', 'Created sale #40 total ₱555.00', '2025-10-10 14:19:22'),
(74, 5, 'sale', 'Created sale #41 total ₱195.00', '2025-10-10 14:21:22'),
(75, 5, 'sale', 'Created sale #42 total ₱1,440.00', '2025-10-10 14:23:19'),
(76, 5, 'login', 'User logged in', '2025-10-20 13:19:12'),
(77, 5, 'login', 'User logged in', '2025-11-09 04:53:24'),
(78, 3, 'login', 'User logged in', '2025-11-11 16:25:57'),
(79, 6, 'login', 'User logged in', '2025-11-11 16:27:11'),
(80, 4, 'login', 'User logged in', '2025-11-11 16:28:08'),
(81, 5, 'login', 'User logged in', '2025-11-11 16:30:07'),
(82, 5, 'sale', 'Created sale #43 total ₱240.00', '2025-11-11 16:46:09'),
(83, 5, 'sale', 'Created sale #44 total ₱120.00', '2025-11-11 16:59:06'),
(84, 5, 'sale', 'Created sale #45 total ₱120.00', '2025-11-11 16:59:36'),
(85, 5, 'sale', 'Created sale #46 total ₱120.00', '2025-11-11 17:03:41'),
(86, 5, 'sale', 'Created sale #47 total ₱120.00', '2025-11-11 17:14:39'),
(87, 5, 'sale', 'Created sale #48 total ₱120.00', '2025-11-11 17:19:21'),
(88, 5, 'sale', 'Created sale #49 total ₱312.00 (20% PWD/Senior discount: -₱78.00)', '2025-11-11 17:27:30'),
(89, 5, 'sale', 'Created sale #50 total ₱412.00 (Customer Discount 20%: -₱103.00)', '2025-11-11 17:41:07'),
(90, 5, 'sale', 'Created sale #51 total ₱192.00 (Customer Discount 20%: -₱48.00)', '2025-11-11 17:42:59'),
(91, 5, 'login', 'User logged in', '2025-11-12 15:10:12');

-- --------------------------------------------------------

--
-- Table structure for table `products`
--

CREATE TABLE `products` (
  `id` int(11) NOT NULL,
  `name` varchar(100) NOT NULL,
  `category` varchar(50) NOT NULL,
  `price` decimal(10,2) NOT NULL,
  `stock` int(11) NOT NULL DEFAULT 0,
  `created_at` timestamp NOT NULL DEFAULT current_timestamp(),
  `updated_at` timestamp NOT NULL DEFAULT current_timestamp() ON UPDATE current_timestamp()
) ENGINE=InnoDB DEFAULT CHARSET=utf8mb4 COLLATE=utf8mb4_general_ci;

--
-- Dumping data for table `products`
--

INSERT INTO `products` (`id`, `name`, `category`, `price`, `stock`, `created_at`, `updated_at`) VALUES
(1, 'Americano', 'Coffee', 25.00, 88, '2025-09-16 16:41:36', '2025-10-10 14:21:22'),
(2, 'Cappuccino', 'Coffee', 35.00, 92, '2025-09-16 16:41:36', '2025-10-02 04:12:29'),
(3, 'Latte', 'Coffee', 40.00, 99, '2025-09-16 16:41:36', '2025-09-16 17:32:14'),
(4, 'Espresso', 'Coffee', 30.00, 94, '2025-09-16 16:41:36', '2025-10-02 04:21:13'),
(5, 'Mocha', 'Coffee', 45.00, 96, '2025-09-16 16:41:36', '2025-11-11 17:41:07'),
(6, 'Matcha Latte', 'Non-Coffee', 45.00, 40, '2025-09-16 16:41:36', '2025-10-10 14:19:22'),
(7, 'Strawberry Smoothie', 'Non-Coffee', 50.00, 43, '2025-09-16 16:41:36', '2025-11-11 17:41:07'),
(8, 'Chocolate Cake', 'Dessert', 60.00, 22, '2025-09-16 16:41:36', '2025-10-10 14:15:28'),
(9, 'Cheesecake', 'Dessert', 65.00, 20, '2025-09-16 16:41:36', '2025-10-09 09:35:23'),
(10, 'Croissant', 'Pastry', 35.00, 27, '2025-09-16 16:41:36', '2025-10-02 06:59:40'),
(11, 'Camper\'s Cup', 'Coffee', 120.00, 85, '2025-09-16 17:44:15', '2025-11-11 17:42:59'),
(12, 'Hiker\'s Cup', 'Coffee', 120.00, 66, '2025-09-16 17:44:44', '2025-10-10 14:23:00'),
(13, 'Explorer\'s Cup', 'Coffee', 120.00, 19, '2025-09-16 17:45:21', '2025-11-11 17:27:30'),
(14, 'Caramel Macchiato', 'Coffee', 120.00, 24, '2025-09-16 17:46:14', '2025-10-10 14:23:19'),
(15, 'Caramilk', 'Coffee', 120.00, 55, '2025-09-16 18:18:16', '2025-11-11 17:19:21'),
(16, 'Vanilla Latte', 'Coffee', 110.00, 17, '2025-09-16 18:18:49', '2025-11-11 17:41:07'),
(17, 'Brewer\'s Cup', 'Coffee', 120.00, 26, '2025-10-02 02:27:43', '2025-11-11 16:59:36'),
(18, 'Matcha Latte', 'Non-Coffee', 110.00, 23, '2025-10-02 02:53:17', '2025-11-11 17:41:07'),
(19, 'Dark Choco Latte', 'Non-Coffee', 125.00, 20, '2025-10-02 02:53:38', '2025-10-02 14:45:04'),
(20, 'cookies', 'Dessert', 120.00, 19, '2025-10-09 09:34:51', '2025-11-11 16:48:54');

-- --------------------------------------------------------

--
-- Table structure for table `sales`
--

CREATE TABLE `sales` (
  `id` int(11) NOT NULL,
  `sale_date` datetime DEFAULT current_timestamp(),
  `total_amount` decimal(10,2) NOT NULL,
  `discount_type` varchar(50) DEFAULT NULL,
  `discount_amount` decimal(10,2) DEFAULT 0.00,
  `cashier_id` int(11) DEFAULT NULL,
  `created_at` timestamp NOT NULL DEFAULT current_timestamp()
) ENGINE=InnoDB DEFAULT CHARSET=utf8mb4 COLLATE=utf8mb4_general_ci;

--
-- Dumping data for table `sales`
--

INSERT INTO `sales` (`id`, `sale_date`, `total_amount`, `discount_type`, `discount_amount`, `cashier_id`, `created_at`) VALUES
(1, '2025-09-17 00:43:57', 135.00, NULL, 0.00, NULL, '2025-09-16 16:43:57'),
(2, '2025-09-17 00:46:13', 125.00, NULL, 0.00, NULL, '2025-09-16 16:46:13'),
(3, '2025-09-17 00:46:26', 65.00, NULL, 0.00, NULL, '2025-09-16 16:46:26'),
(4, '2025-09-17 01:04:10', 85.00, NULL, 0.00, NULL, '2025-09-16 17:04:10'),
(5, '2025-09-17 01:08:16', 130.00, NULL, 0.00, NULL, '2025-09-16 17:08:16'),
(6, '2025-09-17 01:32:14', 165.00, NULL, 0.00, NULL, '2025-09-16 17:32:14'),
(7, '2025-09-17 01:33:12', 110.00, NULL, 0.00, NULL, '2025-09-16 17:33:12'),
(8, '2025-09-17 01:43:28', 145.00, NULL, 0.00, NULL, '2025-09-16 17:43:28'),
(9, '2025-09-17 01:48:27', 25.00, NULL, 0.00, NULL, '2025-09-16 17:48:27'),
(10, '2025-09-17 02:13:51', 390.00, NULL, 0.00, 3, '2025-09-16 18:13:51'),
(11, '2025-09-17 02:17:21', 105.00, NULL, 0.00, 3, '2025-09-16 18:17:21'),
(12, '2025-09-17 16:30:03', 160.00, NULL, 0.00, 3, '2025-09-17 08:30:03'),
(13, '2025-09-18 08:36:13', 100.00, NULL, 0.00, 3, '2025-09-18 00:36:13'),
(14, '2025-09-18 08:37:40', 305.00, NULL, 0.00, 3, '2025-09-18 00:37:40'),
(15, '2025-09-18 08:40:12', 120.00, NULL, 0.00, 3, '2025-09-18 00:40:12'),
(16, '2025-09-18 08:42:21', 660.00, NULL, 0.00, 3, '2025-09-18 00:42:21'),
(17, '2025-10-02 10:31:10', 550.00, NULL, 0.00, 3, '2025-10-02 02:31:10'),
(18, '2025-10-02 11:46:41', 240.00, NULL, 0.00, 3, '2025-10-02 03:46:41'),
(19, '2025-10-02 11:54:59', 450.00, NULL, 0.00, 3, '2025-10-02 03:54:59'),
(20, '2025-10-02 12:09:17', 360.00, NULL, 0.00, 3, '2025-10-02 04:09:17'),
(21, '2025-10-02 12:12:02', 325.00, NULL, 0.00, 3, '2025-10-02 04:12:02'),
(22, '2025-10-02 12:12:16', 120.00, NULL, 0.00, 3, '2025-10-02 04:12:16'),
(23, '2025-10-02 12:12:29', 490.00, NULL, 0.00, 3, '2025-10-02 04:12:29'),
(24, '2025-10-02 12:17:28', 530.00, NULL, 0.00, 3, '2025-10-02 04:17:28'),
(25, '2025-10-02 12:20:16', 580.00, NULL, 0.00, 3, '2025-10-02 04:20:16'),
(26, '2025-10-02 12:21:13', 665.00, NULL, 0.00, 3, '2025-10-02 04:21:13'),
(27, '2025-10-02 12:43:39', 360.00, NULL, 0.00, 3, '2025-10-02 04:43:39'),
(28, '2025-10-02 13:09:29', 240.00, NULL, 0.00, 3, '2025-10-02 05:09:29'),
(29, '2025-10-02 13:42:35', 70.00, NULL, 0.00, 3, '2025-10-02 05:42:35'),
(30, '2025-10-02 14:09:29', 240.00, NULL, 0.00, 3, '2025-10-02 06:09:29'),
(31, '2025-10-02 14:11:51', 360.00, NULL, 0.00, 3, '2025-10-02 06:11:51'),
(32, '2025-10-02 14:55:39', 570.00, NULL, 0.00, 3, '2025-10-02 06:55:39'),
(33, '2025-10-02 14:57:35', 360.00, NULL, 0.00, 3, '2025-10-02 06:57:35'),
(34, '2025-10-02 14:59:40', 70.00, NULL, 0.00, 3, '2025-10-02 06:59:40'),
(35, '2025-10-02 22:46:36', 720.00, NULL, 0.00, 3, '2025-10-02 14:46:36'),
(36, '2025-10-09 17:35:23', 185.00, NULL, 0.00, 5, '2025-10-09 09:35:23'),
(37, '2025-10-09 17:44:44', 205.00, NULL, 0.00, 5, '2025-10-09 09:44:44'),
(38, '2025-10-10 22:15:28', 300.00, NULL, 0.00, 5, '2025-10-10 14:15:28'),
(39, '2025-10-10 22:18:06', 265.00, NULL, 0.00, 5, '2025-10-10 14:18:06'),
(40, '2025-10-10 22:19:22', 555.00, NULL, 0.00, 5, '2025-10-10 14:19:22'),
(41, '2025-10-10 22:21:22', 195.00, NULL, 0.00, 5, '2025-10-10 14:21:22'),
(42, '2025-10-10 22:23:19', 1440.00, NULL, 0.00, 5, '2025-10-10 14:23:19'),
(43, '2025-11-12 00:46:09', 240.00, NULL, 0.00, 5, '2025-11-11 16:46:09'),
(44, '2025-11-12 00:59:06', 120.00, '', 0.00, 5, '2025-11-11 16:59:06'),
(45, '2025-11-12 00:59:36', 120.00, '', 0.00, 5, '2025-11-11 16:59:36'),
(46, '2025-11-12 01:03:41', 120.00, NULL, 0.00, 5, '2025-11-11 17:03:41'),
(47, '2025-11-12 01:14:39', 120.00, NULL, 0.00, 5, '2025-11-11 17:14:39'),
(48, '2025-11-12 01:19:21', 120.00, NULL, 0.00, 5, '2025-11-11 17:19:21'),
(49, '2025-11-12 01:27:30', 312.00, 'PWD/Senior', 78.00, 5, '2025-11-11 17:27:30'),
(50, '2025-11-12 01:41:07', 412.00, 'Customer Discount', 103.00, 5, '2025-11-11 17:41:07'),
(51, '2025-11-12 01:42:59', 192.00, 'Customer Discount', 48.00, 5, '2025-11-11 17:42:59');

-- --------------------------------------------------------

--
-- Table structure for table `sale_items`
--

CREATE TABLE `sale_items` (
  `id` int(11) NOT NULL,
  `sale_id` int(11) NOT NULL,
  `product_id` int(11) NOT NULL,
  `quantity` int(11) NOT NULL,
  `price` decimal(10,2) NOT NULL,
  `subtotal` decimal(10,2) NOT NULL,
  `created_at` timestamp NOT NULL DEFAULT current_timestamp()
) ENGINE=InnoDB DEFAULT CHARSET=utf8mb4 COLLATE=utf8mb4_general_ci;

--
-- Dumping data for table `sale_items`
--

INSERT INTO `sale_items` (`id`, `sale_id`, `product_id`, `quantity`, `price`, `subtotal`, `created_at`) VALUES
(1, 1, 9, 1, 65.00, 65.00, '2025-09-16 16:43:57'),
(2, 1, 2, 2, 35.00, 70.00, '2025-09-16 16:43:57'),
(3, 2, 9, 1, 65.00, 65.00, '2025-09-16 16:46:13'),
(4, 2, 2, 1, 35.00, 35.00, '2025-09-16 16:46:13'),
(5, 2, 1, 1, 25.00, 25.00, '2025-09-16 16:46:13'),
(6, 3, 4, 1, 30.00, 30.00, '2025-09-16 16:46:26'),
(7, 3, 10, 1, 35.00, 35.00, '2025-09-16 16:46:26'),
(8, 4, 1, 1, 25.00, 25.00, '2025-09-16 17:04:10'),
(9, 4, 8, 1, 60.00, 60.00, '2025-09-16 17:04:10'),
(10, 5, 9, 1, 65.00, 65.00, '2025-09-16 17:08:16'),
(11, 5, 2, 1, 35.00, 35.00, '2025-09-16 17:08:16'),
(12, 5, 4, 1, 30.00, 30.00, '2025-09-16 17:08:16'),
(13, 6, 9, 1, 65.00, 65.00, '2025-09-16 17:32:14'),
(14, 6, 8, 1, 60.00, 60.00, '2025-09-16 17:32:14'),
(15, 6, 3, 1, 40.00, 40.00, '2025-09-16 17:32:14'),
(16, 7, 10, 1, 35.00, 35.00, '2025-09-16 17:33:12'),
(17, 7, 4, 1, 30.00, 30.00, '2025-09-16 17:33:12'),
(18, 7, 6, 1, 45.00, 45.00, '2025-09-16 17:33:12'),
(19, 8, 7, 2, 50.00, 100.00, '2025-09-16 17:43:28'),
(20, 8, 6, 1, 45.00, 45.00, '2025-09-16 17:43:28'),
(21, 9, 1, 1, 25.00, 25.00, '2025-09-16 17:48:27'),
(22, 10, 11, 2, 120.00, 240.00, '2025-09-16 18:13:51'),
(23, 10, 9, 1, 65.00, 65.00, '2025-09-16 18:13:51'),
(24, 10, 1, 1, 25.00, 25.00, '2025-09-16 18:13:51'),
(25, 10, 8, 1, 60.00, 60.00, '2025-09-16 18:13:51'),
(26, 11, 10, 3, 35.00, 105.00, '2025-09-16 18:17:21'),
(27, 12, 9, 1, 65.00, 65.00, '2025-09-17 08:30:03'),
(28, 12, 2, 1, 35.00, 35.00, '2025-09-17 08:30:03'),
(29, 12, 4, 2, 30.00, 60.00, '2025-09-17 08:30:03'),
(30, 13, 9, 1, 65.00, 65.00, '2025-09-18 00:36:13'),
(31, 13, 2, 1, 35.00, 35.00, '2025-09-18 00:36:13'),
(32, 14, 11, 1, 120.00, 120.00, '2025-09-18 00:37:40'),
(33, 14, 9, 1, 65.00, 65.00, '2025-09-18 00:37:40'),
(34, 14, 15, 1, 120.00, 120.00, '2025-09-18 00:37:40'),
(35, 15, 11, 1, 120.00, 120.00, '2025-09-18 00:40:12'),
(36, 16, 11, 3, 120.00, 360.00, '2025-09-18 00:42:21'),
(37, 16, 2, 1, 35.00, 35.00, '2025-09-18 00:42:21'),
(38, 16, 1, 1, 25.00, 25.00, '2025-09-18 00:42:21'),
(39, 16, 15, 2, 120.00, 240.00, '2025-09-18 00:42:21'),
(40, 17, 11, 1, 120.00, 120.00, '2025-10-02 02:31:10'),
(41, 17, 15, 1, 120.00, 120.00, '2025-10-02 02:31:10'),
(42, 17, 17, 2, 120.00, 240.00, '2025-10-02 02:31:10'),
(43, 17, 10, 2, 35.00, 70.00, '2025-10-02 02:31:10'),
(44, 18, 14, 1, 120.00, 120.00, '2025-10-02 03:46:41'),
(45, 18, 15, 1, 120.00, 120.00, '2025-10-02 03:46:41'),
(46, 19, 15, 1, 120.00, 120.00, '2025-10-02 03:54:59'),
(47, 19, 12, 2, 120.00, 240.00, '2025-10-02 03:54:59'),
(48, 19, 6, 2, 45.00, 90.00, '2025-10-02 03:54:59'),
(49, 20, 11, 1, 120.00, 120.00, '2025-10-02 04:09:17'),
(50, 20, 15, 2, 120.00, 240.00, '2025-10-02 04:09:17'),
(51, 21, 11, 1, 120.00, 120.00, '2025-10-02 04:12:02'),
(52, 21, 15, 1, 120.00, 120.00, '2025-10-02 04:12:02'),
(53, 21, 1, 1, 25.00, 25.00, '2025-10-02 04:12:02'),
(54, 21, 8, 1, 60.00, 60.00, '2025-10-02 04:12:02'),
(55, 22, 17, 1, 120.00, 120.00, '2025-10-02 04:12:16'),
(56, 23, 2, 1, 35.00, 35.00, '2025-10-02 04:12:29'),
(57, 23, 8, 1, 60.00, 60.00, '2025-10-02 04:12:29'),
(58, 23, 9, 1, 65.00, 65.00, '2025-10-02 04:12:29'),
(59, 23, 18, 1, 110.00, 110.00, '2025-10-02 04:12:29'),
(60, 23, 6, 1, 45.00, 45.00, '2025-10-02 04:12:29'),
(61, 23, 19, 1, 125.00, 125.00, '2025-10-02 04:12:29'),
(62, 23, 7, 1, 50.00, 50.00, '2025-10-02 04:12:29'),
(63, 24, 11, 2, 120.00, 240.00, '2025-10-02 04:17:28'),
(64, 24, 15, 1, 120.00, 120.00, '2025-10-02 04:17:28'),
(65, 24, 19, 1, 125.00, 125.00, '2025-10-02 04:17:28'),
(66, 24, 6, 1, 45.00, 45.00, '2025-10-02 04:17:28'),
(67, 25, 1, 1, 25.00, 25.00, '2025-10-02 04:20:16'),
(68, 25, 17, 1, 120.00, 120.00, '2025-10-02 04:20:16'),
(69, 25, 11, 1, 120.00, 120.00, '2025-10-02 04:20:16'),
(70, 25, 8, 2, 60.00, 120.00, '2025-10-02 04:20:16'),
(71, 25, 6, 2, 45.00, 90.00, '2025-10-02 04:20:16'),
(72, 25, 10, 3, 35.00, 105.00, '2025-10-02 04:20:16'),
(73, 26, 15, 2, 120.00, 240.00, '2025-10-02 04:21:13'),
(74, 26, 13, 1, 120.00, 120.00, '2025-10-02 04:21:13'),
(75, 26, 4, 1, 30.00, 30.00, '2025-10-02 04:21:13'),
(76, 26, 5, 1, 45.00, 45.00, '2025-10-02 04:21:13'),
(77, 26, 16, 1, 110.00, 110.00, '2025-10-02 04:21:13'),
(78, 26, 12, 1, 120.00, 120.00, '2025-10-02 04:21:13'),
(79, 27, 11, 2, 120.00, 240.00, '2025-10-02 04:43:39'),
(80, 27, 15, 1, 120.00, 120.00, '2025-10-02 04:43:39'),
(81, 28, 15, 2, 120.00, 240.00, '2025-10-02 05:09:29'),
(82, 29, 10, 2, 35.00, 70.00, '2025-10-02 05:42:35'),
(83, 30, 11, 1, 120.00, 120.00, '2025-10-02 06:09:29'),
(84, 30, 15, 1, 120.00, 120.00, '2025-10-02 06:09:29'),
(85, 31, 17, 1, 120.00, 120.00, '2025-10-02 06:11:51'),
(86, 31, 11, 1, 120.00, 120.00, '2025-10-02 06:11:52'),
(87, 31, 15, 1, 120.00, 120.00, '2025-10-02 06:11:52'),
(88, 32, 11, 1, 120.00, 120.00, '2025-10-02 06:55:39'),
(89, 32, 17, 1, 120.00, 120.00, '2025-10-02 06:55:39'),
(90, 32, 18, 1, 110.00, 110.00, '2025-10-02 06:55:39'),
(91, 32, 6, 1, 45.00, 45.00, '2025-10-02 06:55:39'),
(92, 32, 19, 1, 125.00, 125.00, '2025-10-02 06:55:39'),
(93, 32, 7, 1, 50.00, 50.00, '2025-10-02 06:55:39'),
(94, 33, 11, 1, 120.00, 120.00, '2025-10-02 06:57:35'),
(95, 33, 15, 1, 120.00, 120.00, '2025-10-02 06:57:35'),
(96, 33, 17, 1, 120.00, 120.00, '2025-10-02 06:57:35'),
(97, 34, 10, 2, 35.00, 70.00, '2025-10-02 06:59:40'),
(98, 35, 17, 5, 120.00, 600.00, '2025-10-02 14:46:36'),
(99, 35, 11, 1, 120.00, 120.00, '2025-10-02 14:46:36'),
(100, 36, 9, 1, 65.00, 65.00, '2025-10-09 09:35:23'),
(101, 36, 20, 1, 120.00, 120.00, '2025-10-09 09:35:23'),
(102, 37, 1, 1, 25.00, 25.00, '2025-10-09 09:44:44'),
(103, 37, 17, 1, 120.00, 120.00, '2025-10-09 09:44:44'),
(104, 37, 8, 1, 60.00, 60.00, '2025-10-09 09:44:44'),
(105, 38, 17, 1, 120.00, 120.00, '2025-10-10 14:15:28'),
(106, 38, 11, 1, 120.00, 120.00, '2025-10-10 14:15:28'),
(107, 38, 8, 1, 60.00, 60.00, '2025-10-10 14:15:28'),
(108, 39, 17, 1, 120.00, 120.00, '2025-10-10 14:18:06'),
(109, 39, 1, 1, 25.00, 25.00, '2025-10-10 14:18:06'),
(110, 39, 14, 1, 120.00, 120.00, '2025-10-10 14:18:06'),
(111, 40, 16, 1, 110.00, 110.00, '2025-10-10 14:19:22'),
(112, 40, 7, 1, 50.00, 50.00, '2025-10-10 14:19:22'),
(113, 40, 6, 1, 45.00, 45.00, '2025-10-10 14:19:22'),
(114, 40, 18, 1, 110.00, 110.00, '2025-10-10 14:19:22'),
(115, 40, 12, 2, 120.00, 240.00, '2025-10-10 14:19:22'),
(116, 41, 1, 3, 25.00, 75.00, '2025-10-10 14:21:22'),
(117, 41, 17, 1, 120.00, 120.00, '2025-10-10 14:21:22'),
(118, 42, 11, 9, 120.00, 1080.00, '2025-10-10 14:23:19'),
(119, 42, 15, 1, 120.00, 120.00, '2025-10-10 14:23:19'),
(120, 42, 14, 1, 120.00, 120.00, '2025-10-10 14:23:19'),
(121, 42, 17, 1, 120.00, 120.00, '2025-10-10 14:23:19'),
(122, 43, 11, 1, 120.00, 120.00, '2025-11-11 16:46:09'),
(123, 43, 17, 1, 120.00, 120.00, '2025-11-11 16:46:09'),
(124, 44, 17, 1, 120.00, 120.00, '2025-11-11 16:59:06'),
(125, 45, 17, 1, 120.00, 120.00, '2025-11-11 16:59:36'),
(126, 46, 11, 1, 120.00, 120.00, '2025-11-11 17:03:41'),
(127, 47, 11, 1, 120.00, 120.00, '2025-11-11 17:14:39'),
(128, 48, 15, 1, 120.00, 120.00, '2025-11-11 17:19:21'),
(129, 49, 13, 1, 120.00, 120.00, '2025-11-11 17:27:30'),
(130, 49, 16, 1, 110.00, 110.00, '2025-11-11 17:27:30'),
(131, 49, 7, 1, 50.00, 50.00, '2025-11-11 17:27:30'),
(132, 49, 18, 1, 110.00, 110.00, '2025-11-11 17:27:30'),
(133, 50, 5, 3, 45.00, 135.00, '2025-11-11 17:41:07'),
(134, 50, 18, 1, 110.00, 110.00, '2025-11-11 17:41:07'),
(135, 50, 16, 2, 110.00, 220.00, '2025-11-11 17:41:07'),
(136, 50, 7, 1, 50.00, 50.00, '2025-11-11 17:41:07'),
(137, 51, 11, 2, 120.00, 240.00, '2025-11-11 17:42:59');

-- --------------------------------------------------------

--
-- Table structure for table `users`
--

CREATE TABLE `users` (
  `id` int(11) NOT NULL,
  `username` varchar(50) NOT NULL,
  `password_hash` varchar(255) NOT NULL,
  `role` enum('admin','cashier') DEFAULT 'cashier',
  `full_name` varchar(100) DEFAULT NULL,
  `email` varchar(100) DEFAULT NULL,
  `phone` varchar(20) DEFAULT NULL,
  `profile_image` varchar(255) DEFAULT NULL,
  `created_at` timestamp NOT NULL DEFAULT current_timestamp(),
  `updated_at` timestamp NOT NULL DEFAULT current_timestamp() ON UPDATE current_timestamp()
) ENGINE=InnoDB DEFAULT CHARSET=utf8mb4 COLLATE=utf8mb4_general_ci;

--
-- Dumping data for table `users`
--

INSERT INTO `users` (`id`, `username`, `password_hash`, `role`, `full_name`, `email`, `phone`, `profile_image`, `created_at`, `updated_at`) VALUES
(3, 'escall', '$2y$10$lcX/w2rlrOO5o2Bwrrttwec2vVo9QozcOMV7b8lMWgTYAYC.1ZQmm', 'admin', '', '', '', 'uploads/profiles/profile_3_1758109353.jpg', '2025-09-16 17:58:13', '2025-09-17 11:42:33'),
(4, 'wisdom', '$2y$10$14GT3oa4Q3G4QCMZHy7xD.nGdkFEvqoTizD9ufyD9gNijcU8r/fsq', 'cashier', '', '', '', NULL, '2025-09-16 18:04:07', '2025-11-11 16:28:00'),
(5, 'kenneth', '$2y$10$ue.GHVyk3SKDLcwAepGH9OocNeOHjYGrxR6o8o2iJOY3jBXWZQyCW', 'admin', '', '', '', 'uploads/profiles/profile_5_1758156316.jpg', '2025-09-18 00:44:52', '2025-10-09 00:36:24'),
(6, 'redhat', '$2y$10$TMjEtgG3naFsCSCJtwk1zur57EvimCukKoKiVYCH41rrd/h3xJP8W', 'admin', 'redhat exe', '', '09123456789', NULL, '2025-10-02 02:28:45', '2025-11-11 16:27:45');

--
-- Indexes for dumped tables
--

--
-- Indexes for table `activity_logs`
--
ALTER TABLE `activity_logs`
  ADD PRIMARY KEY (`id`),
  ADD KEY `user_id` (`user_id`,`created_at`);

--
-- Indexes for table `products`
--
ALTER TABLE `products`
  ADD PRIMARY KEY (`id`);

--
-- Indexes for table `sales`
--
ALTER TABLE `sales`
  ADD PRIMARY KEY (`id`),
  ADD KEY `cashier_id` (`cashier_id`);

--
-- Indexes for table `sale_items`
--
ALTER TABLE `sale_items`
  ADD PRIMARY KEY (`id`),
  ADD KEY `sale_id` (`sale_id`),
  ADD KEY `product_id` (`product_id`);

--
-- Indexes for table `users`
--
ALTER TABLE `users`
  ADD PRIMARY KEY (`id`),
  ADD UNIQUE KEY `username` (`username`);

--
-- AUTO_INCREMENT for dumped tables
--

--
-- AUTO_INCREMENT for table `activity_logs`
--
ALTER TABLE `activity_logs`
  MODIFY `id` int(11) NOT NULL AUTO_INCREMENT, AUTO_INCREMENT=92;

--
-- AUTO_INCREMENT for table `products`
--
ALTER TABLE `products`
  MODIFY `id` int(11) NOT NULL AUTO_INCREMENT, AUTO_INCREMENT=21;

--
-- AUTO_INCREMENT for table `sales`
--
ALTER TABLE `sales`
  MODIFY `id` int(11) NOT NULL AUTO_INCREMENT, AUTO_INCREMENT=52;

--
-- AUTO_INCREMENT for table `sale_items`
--
ALTER TABLE `sale_items`
  MODIFY `id` int(11) NOT NULL AUTO_INCREMENT, AUTO_INCREMENT=138;

--
-- AUTO_INCREMENT for table `users`
--
ALTER TABLE `users`
  MODIFY `id` int(11) NOT NULL AUTO_INCREMENT, AUTO_INCREMENT=7;

--
-- Constraints for dumped tables
--

--
-- Constraints for table `activity_logs`
--
ALTER TABLE `activity_logs`
  ADD CONSTRAINT `activity_logs_ibfk_1` FOREIGN KEY (`user_id`) REFERENCES `users` (`id`) ON DELETE CASCADE;

--
-- Constraints for table `sales`
--
ALTER TABLE `sales`
  ADD CONSTRAINT `sales_ibfk_1` FOREIGN KEY (`cashier_id`) REFERENCES `users` (`id`) ON DELETE SET NULL;

--
-- Constraints for table `sale_items`
--
ALTER TABLE `sale_items`
  ADD CONSTRAINT `sale_items_ibfk_1` FOREIGN KEY (`sale_id`) REFERENCES `sales` (`id`) ON DELETE CASCADE,
  ADD CONSTRAINT `sale_items_ibfk_2` FOREIGN KEY (`product_id`) REFERENCES `products` (`id`);
COMMIT;

/*!40101 SET CHARACTER_SET_CLIENT=@OLD_CHARACTER_SET_CLIENT */;
/*!40101 SET CHARACTER_SET_RESULTS=@OLD_CHARACTER_SET_RESULTS */;
/*!40101 SET COLLATION_CONNECTION=@OLD_COLLATION_CONNECTION */;
